id,name
11690784,Error 404
10398348,Error 404
9172811,gregory horror show desu
8684858,gregory horror show desu
2485920,oatmeal fans
12305377,oatmeal fans
6248691,Green Melissa Tea
13161995,Green Melissa Tea
13722801,Vehicular Manslaughter
15818398,Vehicular Manslaughter
9630256,Blueberry Energade
7511264,Blueberry Energade
3823708,The Official Dwayne "The Rock" Johnson Youtube Channel
12071107,The Official Dwayne "The Rock" Johnson Youtube Channel
8561836,u cant that forever until you trying it
12858791,u cant that forever until you trying it
8587336,Komm Tjoms
11501398,Komm Tjoms
13514989,Elevate
13794911,Elevate
15839767,zabloing
12167074,zabloing
12334945,Team N/A
16194198,Team N/A
11310120,bababooey
9459801,bababooey
9748303,Hello
6636804,Hello
6764293,kine > wizard guy
13122754,kine > wizard guy
9321462,team name
7277289,team name
